{
    "name" : "DialoguePanel",
    "type" : "view",
    "description" : "The project runtime version of a FloatPanel. To be customized by Developer.",

    "configpath" : "./config.json",
    "themepath" : "./theme.json",
    "docpath" : "./documentation.html",
    "exportpath" : "export.json",

    "files" : {
        "views" : 
        {
            "defaultpanel" : "./panel.json",
            "jsonview" : "./jsonview.json",
            "textview" : "./textview.json"
        },
        "buttons" : 
        {
            "defaultbutton" : "./defaultbutton.json",
            "numberbutton" : "./numberbutton.json",
            "exitbutton" : "./exitbutton.json",
            "textbutton" : "./textbutton.json",
            "newbutton" : "./newbutton.json",
            "deletebutton" : "./deletebutton.json",
            "runbutton" : "./runbutton.json",
            "hamburgerbutton" : "./hamburgerbutton.json"
        },
        "images" : 
        {
            "defaultimage" : "./defaultimage.json",
            "backgroundimage" : "./backgroundimage.json",
            "userimage" : "./userimage.json"
        },
        "text" : 
        {
            "dialoguetext" : "./dialoguetext.html",
            "dialoguepaneltext" : "./dialoguepaneltext.html",
            "usertext" : "./usertext.html"
        },
        "scripts" : 
        {
            "linkloader" : "./linkloader.js",
            "themeupdater" : "./themeupdater.js",
            "userscript" : "./userscript.js",
            "dialogueclass" : "./dialogue.js"
        },
        "theme" : 
        {
            "stylesheet" : "./style.css",
            "dialoguestyle" : "./dialoguestyle.css",
            "dialoguelayout" : "./dialoguelayout.css"
        }
    }
}