{
    "name" : "AppearanceView",
    "type" : "view",

    "configpath" : "./config.json",
    "themepath" : "./theme.json",
    "docpath" : "./documentation.html",
    "exportpath" : "export.json",

    "files" : {
        "views" : 
        {
            "tabbedview" : "./tabbedview.json",
            "jsonview" : "./jsonview.json",
            "textview" : "./textview.json"
        },
        "buttons" : 
        {
            "numberbutton" : "./numberbutton.json",
            "defaultbutton" : "./defaultbutton.json",
            "exitbutton" : "./exitbutton.json",
            "textbutton" : "./textbutton.json",
            "hamburgerbutton" : "./hamburgerbutton.json"
        },
        "images" : 
        {
            "defaultimage" : "./defaultimage.json",
            "backgroundimage" : "./backgroundimage.json",
            "userimage" : "./userimage.json"
        },
        "text" : 
        {
            "appearancetext" : "./appearancetext.html",
            "appearancepaneltext" : "./appearancepaneltext.html",
            "usertext" : "./usertext.html"
        },
        "scripts" : 
        {
            "linkloader" : "./linkloader.js",
            "themeupdater" : "./themeupdater.js",
            "userscript" : "./userscript.js"
        },
        "theme" : 
        {
            "stylesheet" : "style.css",
            "appearanceviewstyle" : "appearanceviewstyle.css",
            "userstyle" : "usertheme.css"
        }
    }
}