{
    "name" : "MovablePanel",
    "type" : "view",
    "description" : "A Panel which may have its position changed at project runtime.",

    "configpath" : "./config.json",
    "themepath" : "./theme.json",
    "docpath" : "./documentation.html",
    "exportpath" : "export.json",

    "files" : {
        "views" : 
        {
            "defaultpanel" : "./panel.json",
            "textview" : "./textview.json"
        },
        "buttons" : 
        {
            "defaultbutton" : "./defaultbutton.json",
            "numberbutton" : "./numberbutton.json",
            "exitbutton" : "./exitbutton.json",
            "textbutton" : "./textbutton.json"
        },
        "images" : 
        {
            "defaultimage" : "./defaultimage.json",
            "backgroundimage" : "./backgroundimage.json",
            "userimage" : "./userimage.json"
        },
        "text" : 
        {
            "movablepaneltext" : "./movablepaneltext.html",
            "usertext" : "./usertext.html"
        },
        "scripts" : 
        {
            "linkloader" : "./linkloader.js",
            "themeupdater" : "./themeupdater.js",
            "userscript" : "./userscript.js",
            "movepanel" : "./movepanel.js"
        },
        "theme" : 
        {
            "stylesheet" : "style.css",
            "panelstyle" : "panelstyle.css",
            "userstyle" : "userstyle.css"
        }
    }
}