{
    "name" : "textname",
    "type" : "class",

    "configpath" : "./config.json",
    "themepath" : "./theme.json",
    "docpath" : "./documentation.html",
    "exportpath" : "export.json",

    "files" : {
        "text" : 
        {
            "text1path" : "./text1.html",
            "text2path" : "./text2.html",
            "text3path" : "./text3.html"
        },
        "scripts" : 
        {
            "script1path" : "./script1.js",
            "script2path" : "./script2.js",
            "script3path" : "./script3.js"
        }
    }
}