{
    "name" : "TabbedView",
    "type" : "view",
    "description" : "A View with Panels which may switch quickly between many Views using Buttons.",

    "configpath" : "./config.json",
    "themepath" : "./theme.json",
    "docpath" : "./documentation.html",
    "exportpath" : "export.json",

    "files" : {
        "views" : 
        {
            "defaultpanel" : "./panel.json",
            "textview" : "./textview.json"
        },
        "buttons" : 
        {
            "tabbutton" : "./tabbutton.json",
            "tabbutton2" : "./tabbutton2.json",
            "defaultbutton" : "./defaultbutton.json",
            "numberbutton" : "./numberbutton.json",
            "exitbutton" : "./exitbutton.json",
            "textbutton" : "./textbutton.json",
            "newbutton" : "./newbutton.json",
            "deletebutton" : "./deletebutton.json",
            "runbutton" : "./runbutton.json",
            "hamburgerbutton" : "./hamburgerbutton.json"
        },
        "images" : 
        {
            "defaultimage" : "./defaultimage.json",
            "backgroundimage" : "./backgroundimage.json",
            "userimage" : "./userimage.json"
        },
        "text" : 
        {
            "tabbedpaneltext" : "./tabbedpaneltext.html",
            "usertext" : "./usertext.html"
        },
        "scripts" : 
        {
            "linkloader" : "./linkloader.js",
            "themeupdater" : "./themeupdater.js",
            "userscript" : "./userscript.js",
            "tabswitcher" : "./tabswitcher.js"
        }
    }
}