{
    "name" : "JsonView",
    "type" : "view",
    "description" : "Takes a json as input and displays the data based on it's implied type.",

    "configpath" : "./config.json",
    "themepath" : "./theme.json",
    "docpath" : "./documentation.html",
    "exportpath" : "export.json",

    "files" : {
        "views" : 
        {
            "defaultpanel" : "./panel.json",
            "tabbedview" : "./tabbedview.json",
            "movablepanel" : "./moveablepanel.json",
            "textview" : "./textview.json"
        },
        "buttons" : 
        {
            "defaultbutton" : "./defaultbutton.json",
            "numberbutton" : "./numberbutton.json",
            "exitbutton" : "./exitbutton.json",
            "textbutton" : "./textbutton.json",
            "newbutton" : "./newbutton.json",
            "deletebutton" : "./deletebutton.json",
            "runbutton" : "./runbutton.json",
            "hamburgerbutton" : "./hamburgerbutton.json"
        },
        "images" : 
        {
            "defaultimage" : "./defaultimage.json",
            "backgroundimage" : "./backgroundimage.json",
            "userimage" : "./userimage.json"
        },
        "text" : 
        {
            "jsontext" : "./jsontext.html",
            "usertext" : "./usertext.html"
        },
        "scripts" : 
        {
            "linkloader" : "./linkloader.js",
            "themeupdater" : "./themeupdater.js",
            "userscript" : "./userscript.js",
            "jsonparser" : "./jsonparser.js",
            "jsonformatter" : "./jsonformatter.js",
            "themegenerator" : "./themegenerator.js"
        },
        "theme" : 
        {
            "stylesheet" : "style.css",
            "userstyle" : "userstyle.css"
        }
    }
}